hotel_id,month,plan,mrr,churn_flag,expansion_mrr
H001,2023-01,pro,775,0,0
H001,2023-02,pro,780,0,0
H001,2023-03,pro,800,0,0
H001,2023-04,pro,790,0,0
H001,2023-05,pro,780,0,0
H001,2023-06,pro,790,0,0
H001,2023-07,pro,785,0,0
H001,2023-08,pro,780,0,120
H001,2023-09,pro,785,0,125
H001,2023-10,pro,800,0,140
H001,2023-11,pro,790,0,145
H001,2023-12,pro,770,0,145
H001,2024-01,pro,795,0,145
H001,2024-02,pro,790,0,150
H001,2024-03,pro,790,0,145
H001,2024-04,pro,775,0,150
H001,2024-05,pro,775,0,145
H001,2024-06,pro,770,0,150
H001,2024-07,pro,780,0,0
H001,2024-08,pro,780,0,0
H001,2024-09,pro,790,0,0
H001,2024-10,pro,775,0,0
H001,2024-11,pro,780,0,0
H001,2024-12,pro,800,0,0
H001,2025-01,pro,795,0,0
H002,2023-01,pro,925,0,0
H002,2023-02,pro,915,0,0
H002,2023-03,pro,915,0,0
H002,2023-04,pro,910,0,0
H002,2023-05,pro,905,0,0
H002,2023-06,pro,900,0,0
H002,2023-07,pro,915,0,0
H002,2023-08,pro,925,0,0
H002,2023-09,pro,910,0,140
H002,2023-10,pro,900,0,135
H002,2023-11,pro,910,0,135
H002,2023-12,pro,900,0,135
H002,2024-01,pro,905,0,0
H002,2024-02,pro,920,0,0
H002,2024-03,pro,900,0,0
H002,2024-04,pro,910,0,0
H002,2024-05,pro,925,0,0
H002,2024-06,pro,915,0,0
H002,2024-07,pro,925,0,0
H002,2024-08,pro,910,0,0
H002,2024-09,pro,910,0,145
H002,2024-10,pro,920,0,145
H002,2024-11,pro,900,0,140
H002,2024-12,pro,920,0,145
H002,2025-01,pro,895,0,145
H003,2021-10,pro,650,0,0
H003,2021-11,pro,635,0,0
H003,2021-12,pro,655,0,0
H003,2022-01,pro,650,0,0
H003,2022-02,pro,655,0,0
H003,2022-03,pro,650,0,0
H003,2022-04,pro,650,0,0
H003,2022-05,pro,645,0,0
H003,2022-06,pro,640,1,0
H004,2024-02,basic,395,0,0
H004,2024-03,basic,400,0,0
H004,2024-04,basic,400,0,0
H004,2024-05,basic,400,0,0
H004,2024-06,basic,395,0,0
H004,2024-07,basic,395,0,0
H004,2024-08,basic,400,0,0
H004,2024-09,basic,390,0,0
H004,2024-10,basic,390,0,0
H004,2024-11,basic,390,0,0
H004,2024-12,basic,400,0,0
H004,2025-01,basic,395,0,0
H005,2024-09,basic,275,1,0
H006,2021-05,basic,385,0,0
H006,2021-06,basic,380,0,0
H006,2021-07,basic,375,0,0
H006,2021-08,basic,375,0,0
H006,2021-09,basic,380,0,0
H006,2021-10,basic,375,1,0
H007,2023-07,pro,480,0,0
H007,2023-08,pro,470,0,215
H007,2023-09,pro,480,0,215
H007,2023-10,pro,465,0,215
H007,2023-11,pro,470,0,0
H007,2023-12,pro,475,0,0
H007,2024-01,pro,475,0,0
H007,2024-02,pro,470,0,0
H007,2024-03,pro,470,0,0
H007,2024-04,pro,460,0,0
H007,2024-05,pro,465,0,0
H007,2024-06,pro,460,1,0
H008,2023-11,basic,220,0,0
H008,2023-12,basic,215,0,0
H008,2024-01,basic,215,0,0
H008,2024-02,basic,215,0,0
H008,2024-03,basic,215,0,0
H008,2024-04,basic,220,0,0
H008,2024-05,basic,215,0,0
H008,2024-06,basic,215,0,0
H008,2024-07,basic,215,0,0
H008,2024-08,basic,210,1,0
H009,2024-02,basic,185,0,0
H009,2024-03,basic,185,1,0
H010,2022-09,pro,715,0,0
H010,2022-10,pro,730,0,0
H010,2022-11,pro,725,0,0
H010,2022-12,pro,715,0,0
H010,2023-01,pro,715,0,0
H010,2023-02,pro,715,0,0
H010,2023-03,pro,725,1,0
H011,2023-09,pro,1230,0,0
H011,2023-10,pro,1210,0,0
H011,2023-11,pro,1240,0,0
H011,2023-12,pro,1235,0,0
H011,2024-01,pro,1230,0,315
H011,2024-02,pro,1240,0,315
H011,2024-03,pro,1200,0,315
H011,2024-04,pro,1200,0,0
H011,2024-05,pro,1235,0,0
H011,2024-06,pro,1225,0,0
H011,2024-07,pro,1230,0,0
H011,2024-08,pro,1205,0,0
H011,2024-09,pro,1200,0,0
H011,2024-10,pro,1230,0,0
H011,2024-11,pro,1220,0,0
H011,2024-12,pro,1205,0,0
H011,2025-01,pro,1215,0,0
H012,2023-02,basic,230,0,0
H012,2023-03,basic,225,0,0
H012,2023-04,basic,235,0,0
H012,2023-05,basic,230,0,0
H012,2023-06,basic,230,0,0
H012,2023-07,basic,225,1,0
H013,2024-02,basic,180,0,0
H013,2024-03,basic,175,0,0
H013,2024-04,basic,175,0,0
H013,2024-05,basic,175,0,0
H013,2024-06,basic,175,0,0
H013,2024-07,basic,170,0,0
H013,2024-08,basic,175,0,0
H013,2024-09,basic,175,0,0
H013,2024-10,basic,175,0,0
H013,2024-11,basic,180,0,0
H013,2024-12,basic,175,0,0
H013,2025-01,basic,175,0,0
H014,2021-09,pro,595,0,0
H014,2021-10,pro,595,0,205
H014,2021-11,pro,585,0,185
H014,2021-12,pro,605,0,195
H014,2022-01,pro,600,0,190
H014,2022-02,pro,585,0,195
H014,2022-03,pro,600,0,205
H014,2022-04,pro,585,0,0
H014,2022-05,pro,590,0,0
H014,2022-06,pro,605,0,0
H014,2022-07,pro,605,0,0
H014,2022-08,pro,600,0,0
H014,2022-09,pro,585,0,0
H014,2022-10,pro,595,0,0
H014,2022-11,pro,605,0,0
H014,2022-12,pro,590,0,0
H014,2023-01,pro,600,0,0
H014,2023-02,pro,605,0,0
H014,2023-03,pro,605,0,0
H014,2023-04,pro,605,0,0
H014,2023-05,pro,595,0,0
H014,2023-06,pro,590,1,0
H015,2023-03,pro,705,0,0
H015,2023-04,pro,700,0,0
H015,2023-05,pro,680,0,80
H015,2023-06,pro,690,0,95
H015,2023-07,pro,690,0,90
H015,2023-08,pro,695,0,90
H015,2023-09,pro,705,0,95
H015,2023-10,pro,680,0,0
H015,2023-11,pro,705,0,0
H015,2023-12,pro,695,1,0
H016,2025-01,basic,385,0,0
H017,2025-01,basic,225,0,0
H018,2022-10,pro,1255,0,0
H018,2022-11,pro,1255,0,0
H018,2022-12,pro,1255,0,0
H018,2023-01,pro,1230,0,0
H018,2023-02,pro,1270,0,0
H018,2023-03,pro,1230,0,0
H018,2023-04,pro,1230,0,0
H018,2023-05,pro,1240,0,0
H018,2023-06,pro,1255,0,0
H018,2023-07,pro,1270,0,0
H018,2023-08,pro,1255,0,0
H018,2023-09,pro,1240,0,0
H018,2023-10,pro,1225,0,0
H018,2023-11,pro,1245,0,0
H018,2023-12,pro,1245,0,0
H018,2024-01,pro,1260,0,0
H018,2024-02,pro,1245,0,0
H018,2024-03,pro,1265,0,0
H018,2024-04,pro,1265,0,0
H018,2024-05,pro,1245,0,0
H018,2024-06,pro,1250,0,0
H018,2024-07,pro,1235,0,0
H018,2024-08,pro,1260,0,125
H018,2024-09,pro,1245,0,130
H018,2024-10,pro,1230,0,135
H018,2024-11,pro,1230,0,0
H018,2024-12,pro,1240,0,0
H018,2025-01,pro,1235,0,0
H019,2022-03,enterprise,3030,0,0
H019,2022-04,enterprise,3080,0,0
H019,2022-05,enterprise,3075,0,0
H019,2022-06,enterprise,2965,0,0
H019,2022-07,enterprise,3005,0,0
H019,2022-08,enterprise,3080,0,0
H019,2022-09,enterprise,2990,0,0
H019,2022-10,enterprise,2975,0,0
H019,2022-11,enterprise,2980,0,0
H019,2022-12,enterprise,2995,0,0
H019,2023-01,enterprise,3010,0,0
H019,2023-02,enterprise,2990,0,0
H019,2023-03,enterprise,3070,0,0
H019,2023-04,enterprise,2970,0,910
H019,2023-05,enterprise,3000,0,895
H019,2023-06,enterprise,3015,0,920
H019,2023-07,enterprise,3045,0,885
H019,2023-08,enterprise,3060,0,885
H019,2023-09,enterprise,3070,0,905
H019,2023-10,enterprise,3070,0,980
H019,2023-11,enterprise,2985,0,1015
H019,2023-12,enterprise,2965,0,1040
H019,2024-01,enterprise,3065,0,1030
H019,2024-02,enterprise,2990,0,0
H019,2024-03,enterprise,3045,0,0
H019,2024-04,enterprise,2990,0,0
H019,2024-05,enterprise,3040,0,705
H019,2024-06,enterprise,2970,0,725
H019,2024-07,enterprise,3015,0,760
H019,2024-08,enterprise,3065,0,775
H019,2024-09,enterprise,3040,0,0
H019,2024-10,enterprise,3060,0,0
H019,2024-11,enterprise,3055,0,0
H019,2024-12,enterprise,2980,0,0
H019,2025-01,enterprise,2985,0,0
H020,2023-07,pro,445,0,0
H020,2023-08,pro,440,1,0
H021,2023-10,enterprise,2215,0,0
H021,2023-11,enterprise,2205,0,0
H021,2023-12,enterprise,2225,0,0
H021,2024-01,enterprise,2225,0,0
H021,2024-02,enterprise,2220,0,0
H021,2024-03,enterprise,2265,0,0
H021,2024-04,enterprise,2220,0,0
H021,2024-05,enterprise,2250,0,0
H021,2024-06,enterprise,2270,0,800
H021,2024-07,enterprise,2220,0,805
H021,2024-08,enterprise,2210,0,815
H021,2024-09,enterprise,2280,0,815
H021,2024-10,enterprise,2205,1,0
H022,2023-03,basic,195,0,0
H022,2023-04,basic,200,0,0
H022,2023-05,basic,195,0,0
H022,2023-06,basic,200,0,0
H022,2023-07,basic,200,0,0
H022,2023-08,basic,200,0,0
H022,2023-09,basic,205,0,0
H022,2023-10,basic,195,0,0
H022,2023-11,basic,195,0,0
H022,2023-12,basic,200,0,0
H022,2024-01,basic,195,0,0
H022,2024-02,basic,200,0,0
H022,2024-03,basic,205,0,0
H022,2024-04,basic,200,0,0
H022,2024-05,basic,200,0,0
H022,2024-06,basic,200,0,0
H022,2024-07,basic,200,0,0
H022,2024-08,basic,200,0,0
H022,2024-09,basic,195,0,0
H022,2024-10,basic,200,0,0
H022,2024-11,basic,205,0,0
H022,2024-12,basic,205,0,0
H022,2025-01,basic,200,0,0
H023,2023-09,basic,235,0,0
H023,2023-10,basic,235,0,0
H023,2023-11,basic,235,0,0
H023,2023-12,basic,235,0,0
H023,2024-01,basic,235,0,0
H023,2024-02,basic,235,0,0
H023,2024-03,basic,240,0,0
H023,2024-04,basic,235,1,0
H024,2021-08,pro,1085,0,0
H024,2021-09,pro,1080,0,0
H024,2021-10,pro,1105,0,270
H024,2021-11,pro,1085,0,0
H024,2021-12,pro,1100,0,0
H024,2022-01,pro,1085,0,0
H024,2022-02,pro,1080,0,0
H024,2022-03,pro,1090,0,0
H024,2022-04,pro,1065,0,0
H024,2022-05,pro,1085,0,0
H024,2022-06,pro,1095,0,0
H024,2022-07,pro,1065,0,0
H024,2022-08,pro,1075,0,0
H024,2022-09,pro,1075,0,0
H024,2022-10,pro,1090,0,0
H024,2022-11,pro,1090,0,0
H024,2022-12,pro,1090,0,0
H024,2023-01,pro,1070,0,0
H024,2023-02,pro,1100,0,0
H024,2023-03,pro,1100,0,0
H024,2023-04,pro,1070,0,0
H024,2023-05,pro,1085,0,0
H024,2023-06,pro,1100,0,0
H024,2023-07,pro,1075,0,0
H024,2023-08,pro,1070,0,0
H024,2023-09,pro,1070,0,0
H024,2023-10,pro,1075,0,0
H024,2023-11,pro,1075,0,0
H024,2023-12,pro,1070,0,0
H024,2024-01,pro,1105,0,0
H024,2024-02,pro,1070,0,290
H024,2024-03,pro,1075,0,320
H024,2024-04,pro,1090,0,380
H024,2024-05,enterprise,2840,0,375
H024,2024-06,enterprise,2820,0,350
H024,2024-07,enterprise,2900,0,420
H024,2024-08,enterprise,2870,0,400
H024,2024-09,enterprise,2830,0,410
H024,2024-10,enterprise,2900,0,425
H024,2024-11,enterprise,2910,0,430
H024,2024-12,enterprise,2880,0,450
H024,2025-01,enterprise,2885,0,455
H025,2025-01,basic,185,0,0
H026,2023-05,pro,795,0,0
H026,2023-06,pro,785,0,0
H026,2023-07,pro,775,0,0
H026,2023-08,pro,775,0,0
H026,2023-09,pro,780,0,0
H026,2023-10,pro,770,0,0
H026,2023-11,pro,785,0,0
H026,2023-12,pro,770,0,0
H026,2024-01,pro,780,0,195
H026,2024-02,pro,785,0,190
H026,2024-03,pro,785,0,205
H026,2024-04,pro,790,0,195
H026,2024-05,pro,780,0,190
H026,2024-06,pro,765,0,185
H026,2024-07,pro,795,0,180
H026,2024-08,pro,765,0,180
H026,2024-09,pro,770,0,190
H026,2024-10,pro,770,0,190
H026,2024-11,pro,785,0,0
H026,2024-12,pro,780,0,0
H026,2025-01,pro,780,0,0
H027,2023-08,basic,170,1,0
H028,2023-05,basic,205,0,0
H028,2023-06,basic,200,0,0
H028,2023-07,basic,205,0,0
H028,2023-08,basic,205,0,0
H028,2023-09,basic,205,0,0
H028,2023-10,basic,205,1,0
H029,2024-07,enterprise,2850,0,0
H029,2024-08,enterprise,2905,0,0
H029,2024-09,enterprise,2890,0,0
H029,2024-10,enterprise,2830,0,355
H029,2024-11,enterprise,2845,0,0
H029,2024-12,enterprise,2865,0,0
H029,2025-01,enterprise,2895,0,0
H030,2025-01,pro,510,0,0
H031,2024-04,pro,630,0,0
H031,2024-05,pro,625,0,0
H031,2024-06,pro,635,0,0
H031,2024-07,pro,630,0,0
H031,2024-08,pro,625,1,0
H032,2023-06,pro,1205,0,0
H032,2023-07,pro,1245,0,0
H032,2023-08,pro,1215,0,0
H032,2023-09,pro,1200,0,0
H032,2023-10,pro,1235,0,190
H032,2023-11,pro,1220,0,190
H032,2023-12,pro,1205,0,205
H032,2024-01,pro,1210,0,215
H032,2024-02,pro,1225,0,220
H032,2024-03,pro,1200,0,225
H032,2024-04,pro,1225,0,215
H032,2024-05,pro,1225,0,215
H032,2024-06,pro,1210,0,0
H032,2024-07,pro,1225,0,0
H032,2024-08,pro,1205,0,0
H032,2024-09,pro,1200,0,0
H032,2024-10,pro,1215,0,0
H032,2024-11,pro,1225,0,0
H032,2024-12,pro,1220,0,0
H032,2025-01,pro,1220,0,0
H033,2022-04,basic,365,0,0
H033,2022-05,basic,355,0,0
H033,2022-06,basic,365,0,0
H033,2022-07,basic,360,0,0
H033,2022-08,basic,360,0,0
H033,2022-09,basic,360,0,0
H033,2022-10,basic,360,0,0
H033,2022-11,basic,365,0,0
H033,2022-12,basic,360,0,0
H033,2023-01,basic,360,1,0
H034,2022-01,pro,505,0,0
H034,2022-02,pro,505,0,0
H034,2022-03,pro,490,0,0
H034,2022-04,pro,500,0,0
H034,2022-05,pro,500,0,0
H034,2022-06,pro,490,0,0
H034,2022-07,pro,495,0,0
H034,2022-08,pro,500,0,0
H034,2022-09,pro,505,1,0
H035,2022-09,pro,720,0,0
H035,2022-10,pro,730,0,0
H035,2022-11,pro,740,0,0
H035,2022-12,pro,730,0,0
H035,2023-01,pro,740,0,0
H035,2023-02,pro,720,0,0
H035,2023-03,pro,715,0,0
H035,2023-04,pro,725,0,0
H035,2023-05,pro,735,0,0
H035,2023-06,pro,740,0,0
H035,2023-07,pro,725,0,0
H035,2023-08,pro,730,0,0
H035,2023-09,pro,730,0,290
H035,2023-10,pro,720,0,295
H035,2023-11,pro,725,0,0
H035,2023-12,pro,740,0,0
H035,2024-01,pro,725,0,0
H035,2024-02,pro,715,0,0
H035,2024-03,pro,720,1,0
H036,2023-11,basic,195,0,0
H036,2023-12,basic,190,0,0
H036,2024-01,basic,185,0,0
H036,2024-02,basic,190,0,0
H036,2024-03,basic,190,0,0
H036,2024-04,basic,195,0,0
H036,2024-05,basic,190,0,0
H036,2024-06,basic,185,0,0
H036,2024-07,basic,195,0,0
H036,2024-08,basic,190,0,0
H036,2024-09,basic,185,0,0
H036,2024-10,basic,190,0,0
H036,2024-11,basic,190,0,0
H036,2024-12,basic,190,0,0
H036,2025-01,basic,190,1,0
H037,2021-09,pro,665,0,0
H037,2021-10,pro,660,0,0
H037,2021-11,pro,670,0,0
H037,2021-12,pro,670,0,0
H037,2022-01,pro,670,0,0
H037,2022-02,pro,680,0,0
H037,2022-03,pro,670,0,0
H037,2022-04,pro,660,1,0
H038,2025-01,basic,180,0,0
H039,2024-04,pro,555,0,0
H039,2024-05,pro,555,0,0
H039,2024-06,pro,550,0,0
H039,2024-07,pro,545,0,0
H039,2024-08,pro,545,0,0
H039,2024-09,pro,535,0,200
H039,2024-10,pro,550,0,200
H039,2024-11,pro,545,0,205
H039,2024-12,pro,540,0,200
H039,2025-01,pro,555,0,195
H040,2024-08,pro,535,0,0
H040,2024-09,pro,545,0,0
H040,2024-10,pro,540,1,0
H041,2024-11,basic,360,0,0
H041,2024-12,basic,360,0,0
H041,2025-01,basic,355,0,0
H042,2023-10,pro,1255,0,0
H042,2023-11,pro,1235,0,0
H042,2023-12,pro,1225,0,0
H042,2024-01,pro,1250,0,0
H042,2024-02,pro,1255,0,0
H042,2024-03,pro,1240,0,0
H042,2024-04,pro,1225,0,0
H042,2024-05,pro,1220,0,0
H042,2024-06,pro,1235,0,0
H042,2024-07,pro,1230,0,0
H042,2024-08,pro,1220,0,0
H042,2024-09,pro,1245,0,0
H042,2024-10,pro,1210,0,0
H042,2024-11,pro,1215,0,0
H042,2024-12,pro,1225,0,0
H042,2025-01,pro,1225,0,0
H043,2023-10,basic,210,0,0
H043,2023-11,basic,215,0,0
H043,2023-12,basic,210,0,0
H043,2024-01,basic,215,0,0
H043,2024-02,basic,215,0,0
H043,2024-03,basic,215,0,0
H043,2024-04,basic,215,0,0
H043,2024-05,basic,215,1,0
H044,2021-04,pro,670,0,0
H044,2021-05,pro,660,0,0
H044,2021-06,pro,660,0,0
H044,2021-07,pro,650,0,0
H044,2021-08,pro,660,0,0
H044,2021-09,pro,670,0,0
H044,2021-10,pro,660,0,0
H044,2021-11,pro,655,0,0
H044,2021-12,pro,660,0,0
H044,2022-01,pro,665,0,0
H044,2022-02,pro,670,0,0
H044,2022-03,pro,655,0,0
H044,2022-04,pro,650,0,270
H044,2022-05,pro,665,0,275
H044,2022-06,pro,675,0,280
H044,2022-07,pro,650,0,290
H044,2022-08,pro,660,0,285
H044,2022-09,pro,655,0,330
H044,2022-10,pro,670,0,320
H044,2022-11,pro,655,0,0
H044,2022-12,pro,675,0,0
H044,2023-01,pro,660,0,0
H044,2023-02,pro,665,0,0
H044,2023-03,pro,670,0,145
H044,2023-04,pro,650,0,150
H044,2023-05,pro,670,0,150
H044,2023-06,enterprise,1690,0,150
H044,2023-07,enterprise,1715,0,145
H044,2023-08,enterprise,1690,1,0
H045,2025-01,basic,225,0,0
H046,2024-03,pro,710,0,0
H046,2024-04,pro,710,0,0
H046,2024-05,pro,725,0,80
H046,2024-06,pro,710,0,85
H046,2024-07,pro,715,0,85
H046,2024-08,pro,735,0,85
H046,2024-09,pro,730,0,85
H046,2024-10,pro,735,0,85
H046,2024-11,pro,720,0,90
H046,2024-12,pro,715,0,90
H046,2025-01,pro,725,0,100
H047,2025-01,pro,750,0,0
H048,2023-06,basic,255,0,0
H048,2023-07,basic,250,0,0
H048,2023-08,basic,255,0,0
H048,2023-09,basic,250,0,0
H048,2023-10,basic,255,0,0
H048,2023-11,basic,255,0,0
H048,2023-12,pro,530,0,0
H048,2024-01,pro,530,0,0
H048,2024-02,pro,530,0,0
H048,2024-03,pro,530,0,0
H048,2024-04,pro,525,0,0
H048,2024-05,pro,515,0,0
H048,2024-06,pro,530,0,0
H048,2024-07,pro,525,0,0
H048,2024-08,pro,520,0,0
H048,2024-09,pro,525,0,0
H048,2024-10,pro,510,0,0
H048,2024-11,pro,520,0,0
H048,2024-12,pro,525,0,0
H048,2025-01,pro,510,0,190
H049,2023-04,pro,1265,0,0
H049,2023-05,pro,1265,0,0
H049,2023-06,pro,1270,0,0
H049,2023-07,pro,1280,0,160
H049,2023-08,pro,1245,0,0
H049,2023-09,pro,1235,0,0
H049,2023-10,pro,1280,0,0
H049,2023-11,pro,1275,0,0
H049,2023-12,pro,1275,0,0
H049,2024-01,pro,1250,0,0
H049,2024-02,pro,1250,0,0
H049,2024-03,pro,1260,0,0
H049,2024-04,pro,1235,0,0
H049,2024-05,pro,1255,0,195
H049,2024-06,pro,1280,0,0
H049,2024-07,pro,1255,0,0
H049,2024-08,pro,1245,0,0
H049,2024-09,pro,1250,0,0
H049,2024-10,pro,1255,0,0
H049,2024-11,pro,1275,0,0
H049,2024-12,pro,1255,0,0
H049,2025-01,pro,1270,0,0
H050,2024-07,pro,1175,0,0
H050,2024-08,pro,1200,0,0
H050,2024-09,pro,1190,0,0
H050,2024-10,pro,1195,0,0
H050,2024-11,pro,1205,0,0
H050,2024-12,enterprise,3455,0,0
H050,2025-01,enterprise,3365,0,0
H051,2025-01,pro,440,0,0
H052,2023-09,basic,200,0,0
H052,2023-10,basic,195,0,0
H052,2023-11,basic,200,0,0
H052,2023-12,basic,195,0,0
H052,2024-01,basic,195,0,0
H052,2024-02,basic,195,0,0
H052,2024-03,basic,190,0,0
H052,2024-04,basic,195,0,0
H052,2024-05,basic,195,0,0
H052,2024-06,basic,195,0,0
H052,2024-07,basic,195,0,0
H052,2024-08,basic,195,0,0
H052,2024-09,basic,195,0,0
H052,2024-10,basic,195,0,0
H052,2024-11,basic,195,0,0
H052,2024-12,basic,195,0,0
H052,2025-01,basic,195,0,0
H053,2023-12,basic,185,0,0
H053,2024-01,basic,190,0,0
H053,2024-02,basic,190,0,0
H053,2024-03,basic,190,0,0
H053,2024-04,basic,190,0,0
H053,2024-05,basic,190,0,0
H053,2024-06,basic,190,0,0
H053,2024-07,basic,185,0,0
H053,2024-08,basic,190,0,0
H053,2024-09,basic,185,0,0
H053,2024-10,basic,190,0,0
H053,2024-11,basic,185,0,0
H053,2024-12,basic,190,0,0
H053,2025-01,basic,190,0,0
H054,2023-10,pro,565,0,0
H054,2023-11,pro,560,0,0
H054,2023-12,pro,575,0,0
H054,2024-01,pro,555,0,0
H054,2024-02,pro,555,0,0
H054,2024-03,pro,570,0,0
H054,2024-04,pro,570,0,0
H054,2024-05,pro,575,0,0
H054,2024-06,pro,570,0,0
H054,2024-07,pro,560,0,0
H054,2024-08,pro,555,0,0
H054,2024-09,pro,575,0,0
H054,2024-10,pro,570,0,0
H054,2024-11,pro,570,0,215
H054,2024-12,pro,555,0,215
H054,2025-01,pro,555,1,0
H055,2024-09,pro,565,0,0
H055,2024-10,pro,575,0,0
H055,2024-11,pro,580,0,0
H055,2024-12,pro,565,0,0
H055,2025-01,pro,580,0,0
H056,2022-08,basic,180,0,0
H056,2022-09,basic,180,0,0
H056,2022-10,basic,175,0,0
H056,2022-11,basic,180,0,0
H056,2022-12,basic,185,1,0
H057,2024-02,pro,940,0,0
H057,2024-03,pro,950,0,0
H057,2024-04,pro,940,0,0
H057,2024-05,pro,960,0,0
H057,2024-06,pro,950,0,0
H057,2024-07,pro,935,0,0
H057,2024-08,pro,950,0,0
H057,2024-09,pro,920,0,0
H057,2024-10,pro,930,0,0
H057,2024-11,pro,950,0,0
H057,2024-12,pro,940,0,0
H057,2025-01,pro,950,0,0
H058,2025-01,basic,355,0,0
H059,2023-10,pro,750,0,0
H059,2023-11,pro,780,0,0
H059,2023-12,pro,750,0,0
H059,2024-01,pro,755,0,0
H059,2024-02,pro,755,0,0
H059,2024-03,pro,770,0,0
H059,2024-04,pro,775,0,230
H059,2024-05,pro,755,0,220
H059,2024-06,pro,775,0,220
H059,2024-07,pro,775,0,210
H059,2024-08,pro,760,0,225
H059,2024-09,pro,765,0,215
H059,2024-10,pro,755,0,220
H059,2024-11,pro,765,0,210
H059,2024-12,pro,765,0,200
H059,2025-01,pro,780,0,200
H060,2024-05,enterprise,2065,0,0
H060,2024-06,enterprise,2040,0,0
H060,2024-07,enterprise,2095,0,385
H060,2024-08,enterprise,2080,0,385
H060,2024-09,enterprise,2055,0,415
H060,2024-10,enterprise,2050,0,430
H060,2024-11,enterprise,2045,0,435
H060,2024-12,enterprise,2030,0,445
H060,2025-01,enterprise,2065,0,0
H061,2024-06,basic,210,0,0
H061,2024-07,basic,210,0,0
H061,2024-08,basic,210,0,0
H061,2024-09,basic,210,0,0
H061,2024-10,basic,210,0,0
H061,2024-11,basic,210,0,0
H061,2024-12,basic,210,0,0
H061,2025-01,basic,210,0,0
H062,2025-01,pro,1030,0,0
H063,2023-11,pro,685,0,0
H063,2023-12,pro,680,0,0
H063,2024-01,pro,690,0,0
H063,2024-02,pro,685,0,0
H063,2024-03,pro,705,0,0
H063,2024-04,pro,680,0,325
H063,2024-05,pro,680,0,330
H063,2024-06,pro,685,0,0
H063,2024-07,pro,695,0,0
H063,2024-08,pro,685,0,0
H063,2024-09,pro,685,0,0
H063,2024-10,pro,675,0,150
H063,2024-11,pro,700,0,0
H063,2024-12,pro,690,0,0
H063,2025-01,pro,690,0,0
H064,2023-02,pro,455,0,0
H064,2023-03,pro,460,0,0
H064,2023-04,pro,455,0,0
H064,2023-05,pro,440,0,0
H064,2023-06,pro,445,0,0
H064,2023-07,pro,445,0,0
H064,2023-08,pro,450,0,0
H064,2023-09,pro,455,0,0
H064,2023-10,pro,460,0,0
H064,2023-11,pro,445,0,0
H064,2023-12,pro,445,1,0
H065,2022-02,basic,215,0,0
H065,2022-03,basic,220,0,0
H065,2022-04,basic,215,0,0
H065,2022-05,basic,215,0,0
H065,2022-06,basic,215,0,0
H065,2022-07,basic,220,0,0
H065,2022-08,basic,215,0,0
H065,2022-09,basic,215,0,0
H065,2022-10,basic,220,0,0
H065,2022-11,basic,220,0,0
H065,2022-12,basic,220,0,0
H065,2023-01,basic,215,0,0
H065,2023-02,basic,215,0,0
H065,2023-03,basic,210,1,0
H066,2024-12,basic,215,0,0
H066,2025-01,basic,215,0,0
H067,2022-01,enterprise,3190,0,0
H067,2022-02,enterprise,3165,0,0
H067,2022-03,enterprise,3115,0,0
H067,2022-04,enterprise,3140,0,0
H067,2022-05,enterprise,3210,0,0
H067,2022-06,enterprise,3130,0,0
H067,2022-07,enterprise,3210,0,0
H067,2022-08,enterprise,3205,0,790
H067,2022-09,enterprise,3185,0,940
H067,2022-10,enterprise,3170,0,940
H067,2022-11,enterprise,3140,0,900
H067,2022-12,enterprise,3175,1,0
H068,2024-02,pro,465,0,0
H068,2024-03,pro,475,0,0
H068,2024-04,pro,460,0,0
H068,2024-05,pro,480,0,0
H068,2024-06,pro,465,0,0
H068,2024-07,pro,465,0,0
H068,2024-08,pro,475,1,0
H069,2024-10,enterprise,3600,0,0
H069,2024-11,enterprise,3675,0,0
H069,2024-12,enterprise,3650,0,0
H069,2025-01,enterprise,3645,0,0
H070,2023-08,basic,370,0,0
H070,2023-09,basic,370,0,0
H070,2023-10,basic,370,0,0
H070,2023-11,basic,370,0,0
H070,2023-12,basic,370,0,0
H070,2024-01,basic,370,0,0
H070,2024-02,basic,365,1,0
H071,2023-11,pro,695,0,0
H071,2023-12,pro,710,0,0
H071,2024-01,pro,685,0,0
H071,2024-02,pro,700,0,0
H071,2024-03,pro,700,0,0
H071,2024-04,pro,705,0,0
H071,2024-05,pro,690,0,130
H071,2024-06,pro,690,0,135
H071,2024-07,pro,705,0,130
H071,2024-08,pro,680,0,135
H071,2024-09,pro,690,0,130
H071,2024-10,pro,705,0,0
H071,2024-11,pro,700,0,0
H071,2024-12,pro,685,0,0
H071,2025-01,pro,695,0,0
H072,2023-01,pro,860,0,0
H072,2023-02,pro,875,0,0
H072,2023-03,pro,850,0,0
H072,2023-04,pro,875,0,0
H072,2023-05,pro,865,0,0
H072,2023-06,pro,865,0,0
H072,2023-07,pro,875,0,0
H072,2023-08,pro,865,0,0
H072,2023-09,pro,850,0,0
H072,2023-10,pro,850,0,0
H072,2023-11,pro,865,0,0
H072,2023-12,pro,875,0,0
H072,2024-01,pro,850,0,0
H072,2024-02,pro,875,0,0
H072,2024-03,pro,875,0,0
H072,2024-04,pro,865,0,0
H072,2024-05,pro,870,0,0
H072,2024-06,pro,845,0,0
H072,2024-07,pro,855,0,340
H072,2024-08,pro,865,0,335
H072,2024-09,pro,875,0,335
H072,2024-10,pro,845,0,330
H072,2024-11,pro,860,0,0
H072,2024-12,pro,870,0,0
H072,2025-01,pro,855,0,0
H073,2024-02,basic,180,0,0
H073,2024-03,basic,185,0,0
H073,2024-04,basic,180,0,0
H073,2024-05,basic,185,0,0
H073,2024-06,basic,180,0,0
H073,2024-07,basic,180,0,0
H073,2024-08,basic,180,0,0
H073,2024-09,basic,180,0,0
H073,2024-10,basic,175,0,0
H073,2024-11,basic,180,0,0
H073,2024-12,basic,180,0,0
H073,2025-01,basic,180,0,0
H074,2023-03,pro,785,0,0
H074,2023-04,pro,795,0,0
H074,2023-05,pro,810,0,0
H074,2023-06,pro,795,0,0
H074,2023-07,pro,795,0,0
H074,2023-08,pro,800,0,0
H074,2023-09,pro,805,0,0
H074,2023-10,pro,810,0,0
H074,2023-11,pro,810,0,0
H074,2023-12,pro,810,0,0
H074,2024-01,pro,815,0,0
H074,2024-02,pro,795,0,0
H074,2024-03,pro,815,0,0
H074,2024-04,pro,810,0,0
H074,2024-05,pro,810,0,0
H074,2024-06,pro,795,0,0
H074,2024-07,pro,790,0,0
H074,2024-08,pro,800,0,0
H074,2024-09,pro,805,0,0
H074,2024-10,pro,800,0,0
H074,2024-11,pro,810,0,0
H074,2024-12,pro,805,0,0
H074,2025-01,pro,800,0,0
H075,2022-03,pro,1025,0,0
H075,2022-04,pro,1030,0,0
H075,2022-05,pro,1020,0,0
H075,2022-06,pro,1055,0,0
H075,2022-07,pro,1050,0,0
H075,2022-08,pro,1040,0,0
H075,2022-09,pro,1050,0,0
H075,2022-10,pro,1045,0,0
H075,2022-11,pro,1040,0,0
H075,2022-12,pro,1050,0,0
H075,2023-01,pro,1020,0,0
H075,2023-02,pro,1020,0,0
H075,2023-03,pro,1020,0,0
H075,2023-04,pro,1020,0,0
H075,2023-05,pro,1025,0,0
H075,2023-06,pro,1015,0,0
H075,2023-07,pro,1025,0,0
H075,2023-08,pro,1025,0,115
H075,2023-09,pro,1015,0,115
H075,2023-10,pro,1030,0,120
H075,2023-11,pro,1040,0,125
H075,2023-12,pro,1025,0,125
H075,2024-01,pro,1030,0,130
H075,2024-02,pro,1035,0,0
H075,2024-03,pro,1020,1,0
H076,2023-10,pro,390,0,0
H076,2023-11,pro,400,0,0
H076,2023-12,pro,395,0,0
H076,2024-01,pro,395,0,0
H076,2024-02,pro,395,0,0
H076,2024-03,pro,400,0,0
H076,2024-04,pro,395,0,0
H076,2024-05,pro,390,0,135
H076,2024-06,pro,400,0,160
H076,2024-07,pro,400,0,160
H076,2024-08,pro,400,0,150
H076,2024-09,pro,395,0,145
H076,2024-10,pro,400,0,0
H076,2024-11,pro,400,0,0
H076,2024-12,pro,400,0,155
H076,2025-01,pro,400,0,0
H077,2022-05,enterprise,4580,0,0
H077,2022-06,enterprise,4615,0,0
H077,2022-07,enterprise,4585,0,0
H077,2022-08,enterprise,4615,0,0
H077,2022-09,enterprise,4505,0,0
H077,2022-10,enterprise,4565,0,0
H077,2022-11,enterprise,4560,0,0
H077,2022-12,enterprise,4605,0,0
H077,2023-01,enterprise,4605,0,0
H077,2023-02,enterprise,4625,0,0
H077,2023-03,enterprise,4510,0,0
H077,2023-04,enterprise,4460,0,0
H077,2023-05,enterprise,4610,0,0
H077,2023-06,enterprise,4555,0,0
H077,2023-07,enterprise,4530,0,0
H077,2023-08,enterprise,4510,0,0
H077,2023-09,enterprise,4495,0,0
H077,2023-10,enterprise,4590,0,330
H077,2023-11,enterprise,4620,0,0
H077,2023-12,enterprise,4525,0,680
H077,2024-01,enterprise,4490,0,810
H077,2024-02,enterprise,4605,0,840
H077,2024-03,enterprise,4595,0,0
H077,2024-04,enterprise,4585,0,315
H077,2024-05,enterprise,4635,0,305
H077,2024-06,enterprise,4510,0,305
H077,2024-07,enterprise,4560,0,0
H077,2024-08,enterprise,4630,0,0
H077,2024-09,enterprise,4515,0,0
H077,2024-10,enterprise,4580,0,0
H077,2024-11,enterprise,4505,0,0
H077,2024-12,enterprise,4620,0,0
H077,2025-01,enterprise,4490,0,0
H078,2025-01,basic,350,0,0
H079,2021-12,pro,465,0,0
H079,2022-01,pro,455,0,0
H079,2022-02,pro,470,0,0
H079,2022-03,pro,460,0,0
H079,2022-04,pro,455,1,0
H080,2024-02,basic,205,0,0
H080,2024-03,basic,200,0,0
H080,2024-04,basic,200,0,0
H080,2024-05,basic,195,0,0
H080,2024-06,basic,200,0,0
H080,2024-07,basic,195,0,0
H080,2024-08,basic,200,0,0
H080,2024-09,basic,200,0,0
H080,2024-10,basic,200,0,0
H080,2024-11,basic,200,0,0
H080,2024-12,basic,200,0,0
H080,2025-01,basic,200,0,0
H081,2025-01,basic,235,0,0
H082,2023-10,enterprise,1850,0,0
H082,2023-11,enterprise,1845,0,0
H082,2023-12,enterprise,1865,0,0
H082,2024-01,enterprise,1825,0,0
H082,2024-02,enterprise,1850,0,0
H082,2024-03,enterprise,1860,0,0
H082,2024-04,enterprise,1850,0,0
H082,2024-05,enterprise,1865,0,0
H082,2024-06,enterprise,1860,0,0
H082,2024-07,enterprise,1825,0,0
H082,2024-08,enterprise,1825,0,0
H082,2024-09,enterprise,1830,0,0
H082,2024-10,enterprise,1870,0,450
H082,2024-11,enterprise,1875,0,440
H082,2024-12,enterprise,1845,0,425
H082,2025-01,enterprise,1830,0,440
H083,2024-06,pro,710,0,0
H083,2024-07,pro,730,0,0
H083,2024-08,pro,710,0,0
H083,2024-09,pro,710,0,0
H083,2024-10,pro,715,0,0
H083,2024-11,pro,710,0,0
H083,2024-12,pro,725,0,0
H083,2025-01,pro,720,0,0
H084,2022-10,pro,460,0,0
H084,2022-11,pro,460,0,0
H084,2022-12,pro,450,0,0
H084,2023-01,pro,455,0,0
H084,2023-02,pro,450,0,0
H084,2023-03,pro,445,0,0
H084,2023-04,pro,450,0,0
H084,2023-05,pro,450,0,0
H084,2023-06,pro,445,0,0
H084,2023-07,pro,445,0,0
H084,2023-08,pro,445,0,0
H084,2023-09,pro,450,0,0
H084,2023-10,pro,450,0,0
H084,2023-11,pro,460,0,0
H084,2023-12,pro,450,0,0
H084,2024-01,pro,455,0,0
H084,2024-02,pro,455,0,0
H084,2024-03,pro,460,0,0
H084,2024-04,pro,440,0,0
H084,2024-05,pro,460,0,0
H084,2024-06,pro,445,0,0
H084,2024-07,pro,450,0,0
H084,2024-08,pro,455,0,0
H084,2024-09,pro,455,0,0
H084,2024-10,pro,450,0,0
H084,2024-11,pro,450,0,0
H084,2024-12,pro,445,0,230
H084,2025-01,pro,445,0,240
H085,2022-02,basic,175,0,0
H085,2022-03,basic,180,0,0
H085,2022-04,basic,185,0,0
H085,2022-05,basic,180,1,0
H086,2022-03,basic,175,0,0
H086,2022-04,basic,175,0,0
H086,2022-05,basic,175,0,0
H086,2022-06,basic,180,0,0
H086,2022-07,basic,180,0,0
H086,2022-08,basic,175,0,0
H086,2022-09,basic,175,0,0
H086,2022-10,basic,175,1,0
H087,2024-09,basic,375,0,0
H087,2024-10,basic,375,0,0
H087,2024-11,basic,375,0,0
H087,2024-12,basic,375,0,0
H087,2025-01,basic,380,0,0
H088,2024-03,pro,1160,0,0
H088,2024-04,pro,1130,0,0
H088,2024-05,pro,1145,0,0
H088,2024-06,pro,1165,0,0
H088,2024-07,pro,1165,0,0
H088,2024-08,pro,1130,0,0
H088,2024-09,pro,1135,0,0
H088,2024-10,pro,1140,0,0
H088,2024-11,pro,1170,0,0
H088,2024-12,pro,1135,0,0
H088,2025-01,pro,1135,0,0
H089,2023-12,pro,440,0,0
H089,2024-01,pro,440,0,0
H089,2024-02,pro,450,0,0
H089,2024-03,pro,450,1,0
H090,2023-10,basic,200,0,0
H090,2023-11,basic,200,0,0
H090,2023-12,basic,205,1,0
H091,2024-02,enterprise,2730,0,0
H091,2024-03,enterprise,2675,0,0
H091,2024-04,enterprise,2730,0,515
H091,2024-05,enterprise,2760,0,500
H091,2024-06,enterprise,2730,0,515
H091,2024-07,enterprise,2730,0,510
H091,2024-08,enterprise,2680,0,495
H091,2024-09,enterprise,2690,0,490
H091,2024-10,enterprise,2670,0,500
H091,2024-11,enterprise,2700,0,500
H091,2024-12,enterprise,2765,0,0
H091,2025-01,enterprise,2690,0,920
H092,2024-08,basic,365,0,0
H092,2024-09,basic,365,0,0
H092,2024-10,basic,365,0,0
H092,2024-11,basic,370,0,0
H092,2024-12,basic,365,0,0
H092,2025-01,basic,370,0,0
H093,2025-01,basic,145,0,0
H094,2021-07,basic,175,0,0
H094,2021-08,basic,175,0,0
H094,2021-09,basic,175,0,0
H094,2021-10,basic,180,0,0
H094,2021-11,basic,180,0,0
H094,2021-12,basic,180,0,0
H094,2022-01,basic,185,0,0
H094,2022-02,basic,175,0,0
H094,2022-03,basic,180,0,0
H094,2022-04,basic,185,0,0
H094,2022-05,basic,185,0,0
H094,2022-06,pro,460,0,0
H094,2022-07,pro,465,0,0
H094,2022-08,pro,465,0,0
H094,2022-09,pro,455,0,0
H094,2022-10,pro,465,1,0
H095,2023-03,basic,265,0,0
H095,2023-04,basic,270,0,0
H095,2023-05,basic,270,0,0
H095,2023-06,basic,270,0,0
H095,2023-07,basic,260,0,0
H095,2023-08,basic,270,0,0
H095,2023-09,basic,260,0,0
H095,2023-10,basic,265,0,0
H095,2023-11,basic,260,0,0
H095,2023-12,basic,265,0,0
H095,2024-01,basic,260,0,0
H095,2024-02,basic,260,0,0
H095,2024-03,basic,265,0,0
H095,2024-04,basic,270,0,0
H095,2024-05,basic,270,0,0
H095,2024-06,basic,265,0,0
H095,2024-07,basic,270,1,0
H096,2024-10,basic,185,0,0
H096,2024-11,basic,180,0,0
H096,2024-12,basic,180,0,0
H096,2025-01,basic,185,0,0
H097,2023-04,enterprise,3525,0,0
H097,2023-05,enterprise,3480,0,0
H097,2023-06,enterprise,3525,0,330
H097,2023-07,enterprise,3565,0,360
H097,2023-08,enterprise,3445,0,385
H097,2023-09,enterprise,3515,0,415
H097,2023-10,enterprise,3480,0,420
H097,2023-11,enterprise,3465,0,430
H097,2023-12,enterprise,3500,0,430
H097,2024-01,enterprise,3510,0,505
H097,2024-02,enterprise,3550,0,0
H097,2024-03,enterprise,3530,0,0
H097,2024-04,enterprise,3490,0,0
H097,2024-05,enterprise,3540,0,0
H097,2024-06,enterprise,3510,0,0
H097,2024-07,enterprise,3440,0,0
H097,2024-08,enterprise,3510,0,0
H097,2024-09,enterprise,3545,0,0
H097,2024-10,enterprise,3555,0,0
H097,2024-11,enterprise,3510,0,0
H097,2024-12,enterprise,3440,0,0
H097,2025-01,enterprise,3430,0,0
H098,2024-11,pro,425,0,0
H098,2024-12,pro,420,0,0
H098,2025-01,pro,420,0,0
H099,2023-02,basic,365,0,0
H099,2023-03,basic,355,0,0
H099,2023-04,basic,365,0,0
H099,2023-05,basic,360,0,0
H099,2023-06,basic,365,0,0
H099,2023-07,basic,360,0,0
H099,2023-08,basic,360,0,0
H099,2023-09,basic,355,0,0
H099,2023-10,basic,355,1,0
H100,2022-06,enterprise,3365,0,0
H100,2022-07,enterprise,3360,0,0
H100,2022-08,enterprise,3380,0,0
H100,2022-09,enterprise,3390,0,0
H100,2022-10,enterprise,3395,0,0
H100,2022-11,enterprise,3355,0,0
H100,2022-12,enterprise,3395,0,0
H100,2023-01,enterprise,3400,0,0
H100,2023-02,enterprise,3450,0,0
H100,2023-03,enterprise,3435,0,0
H100,2023-04,enterprise,3390,0,0
H100,2023-05,enterprise,3465,0,0
H100,2023-06,enterprise,3440,0,0
H100,2023-07,enterprise,3350,0,0
H100,2023-08,enterprise,3470,0,0
H100,2023-09,enterprise,3390,0,0
H100,2023-10,enterprise,3405,0,0
H100,2023-11,enterprise,3480,0,0
H100,2023-12,enterprise,3455,0,900
H100,2024-01,enterprise,3400,0,860
H100,2024-02,enterprise,3430,0,830
H100,2024-03,enterprise,3355,0,230
H100,2024-04,enterprise,3415,0,240
H100,2024-05,enterprise,3395,0,0
H100,2024-06,enterprise,3475,0,890
H100,2024-07,enterprise,3460,0,920
H100,2024-08,enterprise,3350,0,990
H100,2024-09,enterprise,3385,0,990
H100,2024-10,enterprise,3385,0,980
H100,2024-11,enterprise,3390,0,955
H100,2024-12,enterprise,3430,0,915
H100,2025-01,enterprise,3415,0,880
H101,2023-01,pro,795,0,0
H101,2023-02,pro,815,0,0
H101,2023-03,pro,805,0,0
H101,2023-04,pro,810,0,0
H101,2023-05,pro,785,0,0
H101,2023-06,pro,795,0,0
H101,2023-07,pro,790,0,0
H101,2023-08,pro,810,0,0
H101,2023-09,pro,810,0,0
H101,2023-10,pro,805,0,0
H101,2023-11,pro,800,0,0
H101,2023-12,pro,810,0,0
H101,2024-01,pro,805,0,0
H101,2024-02,pro,815,0,0
H101,2024-03,pro,790,0,0
H101,2024-04,pro,805,0,0
H101,2024-05,pro,805,0,0
H101,2024-06,pro,785,0,0
H101,2024-07,pro,805,0,0
H101,2024-08,pro,785,0,0
H101,2024-09,pro,785,0,0
H101,2024-10,pro,790,0,0
H101,2024-11,pro,810,0,0
H101,2024-12,pro,805,1,0
H102,2024-10,pro,800,0,0
H102,2024-11,pro,805,0,0
H102,2024-12,pro,795,0,0
H102,2025-01,pro,795,0,0
H103,2023-11,basic,425,0,0
H103,2023-12,basic,425,0,0
H103,2024-01,basic,420,0,0
H103,2024-02,basic,420,0,0
H103,2024-03,basic,425,0,0
H103,2024-04,basic,425,0,0
H103,2024-05,basic,415,0,0
H103,2024-06,basic,415,1,0
H104,2024-11,pro,795,0,0
H104,2024-12,pro,795,0,0
H104,2025-01,pro,795,0,0
H105,2024-09,basic,210,0,0
H105,2024-10,basic,220,0,0
H105,2024-11,basic,220,0,0
H105,2024-12,basic,220,0,0
H105,2025-01,basic,215,0,0
H106,2024-05,basic,365,0,0
H106,2024-06,basic,365,1,0
H107,2024-06,pro,730,0,0
H107,2024-07,pro,715,0,0
H107,2024-08,pro,720,0,0
H107,2024-09,pro,735,0,0
H107,2024-10,pro,715,0,110
H107,2024-11,pro,715,0,105
H107,2024-12,pro,730,0,105
H107,2025-01,pro,730,0,105
H108,2024-08,basic,205,0,0
H108,2024-09,basic,200,0,0
H108,2024-10,basic,205,0,0
H108,2024-11,basic,200,0,0
H108,2024-12,basic,200,0,0
H108,2025-01,basic,195,0,0
H109,2024-10,basic,185,0,0
H109,2024-11,basic,180,1,0
H110,2023-02,basic,355,0,0
H110,2023-03,basic,360,0,0
H110,2023-04,basic,350,0,0
H110,2023-05,basic,355,0,0
H110,2023-06,basic,360,0,0
H110,2023-07,basic,350,0,0
H110,2023-08,basic,350,0,0
H110,2023-09,basic,355,0,0
H110,2023-10,basic,350,0,0
H110,2023-11,basic,355,0,0
H110,2023-12,basic,360,0,0
H110,2024-01,basic,360,1,0
H111,2023-01,basic,195,0,0
H111,2023-02,basic,190,0,0
H111,2023-03,basic,185,0,0
H111,2023-04,basic,190,0,0
H111,2023-05,basic,190,1,0
H112,2025-01,basic,235,0,0
H113,2024-07,pro,635,0,0
H113,2024-08,pro,620,0,0
H113,2024-09,pro,635,0,0
H113,2024-10,pro,635,0,0
H113,2024-11,pro,615,0,0
H113,2024-12,pro,615,0,0
H113,2025-01,pro,635,0,0
H114,2025-01,pro,685,0,0
H115,2023-05,basic,205,0,0
H115,2023-06,basic,200,0,0
H115,2023-07,basic,205,0,0
H115,2023-08,basic,200,0,0
H115,2023-09,basic,200,0,0
H115,2023-10,basic,200,0,0
H115,2023-11,basic,200,0,0
H115,2023-12,basic,200,0,0
H115,2024-01,basic,200,0,0
H115,2024-02,basic,200,0,0
H115,2024-03,pro,465,0,230
H115,2024-04,pro,470,0,235
H115,2024-05,pro,470,0,265
H115,2024-06,pro,470,0,270
H115,2024-07,pro,470,0,0
H115,2024-08,pro,475,0,0
H115,2024-09,pro,475,0,0
H115,2024-10,pro,470,0,0
H115,2024-11,pro,475,0,0
H115,2024-12,pro,480,0,0
H115,2025-01,pro,470,0,0
H116,2023-12,pro,745,0,0
H116,2024-01,pro,760,0,0
H116,2024-02,pro,765,0,0
H116,2024-03,pro,755,0,0
H116,2024-04,pro,740,0,0
H116,2024-05,pro,760,0,0
H116,2024-06,pro,770,0,150
H116,2024-07,pro,750,0,150
H116,2024-08,pro,755,1,0
H117,2023-07,basic,365,0,0
H117,2023-08,basic,375,0,0
H117,2023-09,basic,365,0,0
H117,2023-10,basic,370,0,0
H117,2023-11,basic,365,0,0
H117,2023-12,basic,375,0,0
H117,2024-01,basic,370,0,0
H117,2024-02,basic,370,0,0
H117,2024-03,basic,370,0,0
H117,2024-04,basic,375,0,0
H117,2024-05,basic,370,0,0
H117,2024-06,basic,375,0,0
H117,2024-07,basic,375,0,0
H117,2024-08,basic,370,0,0
H117,2024-09,basic,375,0,0
H117,2024-10,basic,365,0,0
H117,2024-11,basic,375,1,0
H118,2024-03,basic,180,0,0
H118,2024-04,basic,185,0,0
H118,2024-05,basic,175,0,0
H118,2024-06,basic,180,0,0
H118,2024-07,basic,180,0,0
H118,2024-08,basic,180,0,0
H118,2024-09,basic,180,0,0
H118,2024-10,basic,180,0,0
H118,2024-11,basic,180,0,0
H118,2024-12,basic,185,0,0
H118,2025-01,basic,180,0,0
H119,2025-01,basic,380,0,0
H120,2022-12,enterprise,3840,0,0
H120,2023-01,enterprise,3940,0,0
H120,2023-02,enterprise,3830,0,0
H120,2023-03,enterprise,3875,0,0
H120,2023-04,enterprise,3865,0,0
H120,2023-05,enterprise,3940,0,0
H120,2023-06,enterprise,3835,0,0
H120,2023-07,enterprise,3925,0,0
H120,2023-08,enterprise,3930,0,0
H120,2023-09,enterprise,3930,0,0
H120,2023-10,enterprise,3895,0,0
H120,2023-11,enterprise,3900,0,0
H120,2023-12,enterprise,3930,0,0
H120,2024-01,enterprise,3845,0,0
H120,2024-02,enterprise,3885,0,0
H120,2024-03,enterprise,3880,0,0
H120,2024-04,enterprise,3885,0,0
H120,2024-05,enterprise,3895,0,0
H120,2024-06,enterprise,3960,0,0
H120,2024-07,enterprise,3845,0,0
H120,2024-08,enterprise,3910,0,0
H120,2024-09,enterprise,3935,0,0
H120,2024-10,enterprise,3855,1,0
H121,2023-05,basic,215,0,0
H121,2023-06,basic,220,0,0
H121,2023-07,basic,220,0,0
H121,2023-08,basic,215,0,0
H121,2023-09,basic,220,0,0
H121,2023-10,basic,215,0,0
H121,2023-11,pro,530,0,115
H121,2023-12,pro,515,0,120
H121,2024-01,pro,525,0,125
H121,2024-02,pro,520,0,130
H121,2024-03,pro,515,0,130
H121,2024-04,pro,520,0,135
H121,2024-05,pro,520,0,135
H121,2024-06,pro,530,0,140
H121,2024-07,pro,525,0,0
H121,2024-08,pro,525,0,0
H121,2024-09,pro,515,0,0
H121,2024-10,pro,515,0,170
H121,2024-11,pro,530,0,175
H121,2024-12,pro,525,0,170
H121,2025-01,pro,510,0,170
H122,2025-01,basic,225,0,0
H123,2025-01,pro,535,0,0
H124,2025-01,basic,200,0,0
H125,2023-01,pro,445,0,0
H125,2023-02,pro,440,0,0
H125,2023-03,pro,460,0,0
H125,2023-04,pro,460,0,0
H125,2023-05,pro,445,0,0
H125,2023-06,pro,445,0,0
H125,2023-07,pro,460,0,0
H125,2023-08,pro,445,0,0
H125,2023-09,pro,450,0,0
H125,2023-10,pro,455,0,0
H125,2023-11,pro,455,0,0
H125,2023-12,pro,440,0,0
H125,2024-01,pro,455,0,0
H125,2024-02,pro,445,0,0
H125,2024-03,pro,445,0,245
H125,2024-04,pro,445,0,240
H125,2024-05,pro,455,0,285
H125,2024-06,pro,440,0,310
H125,2024-07,pro,445,0,320
H125,2024-08,pro,450,1,0
H126,2024-04,basic,200,0,0
H126,2024-05,basic,200,0,0
H126,2024-06,basic,200,0,0
H126,2024-07,basic,200,0,0
H126,2024-08,basic,200,0,0
H126,2024-09,basic,205,0,0
H126,2024-10,basic,195,0,0
H126,2024-11,basic,200,0,0
H126,2024-12,basic,205,0,0
H126,2025-01,basic,200,0,0
H127,2024-10,pro,520,0,0
H127,2024-11,pro,530,0,0
H127,2024-12,pro,525,0,110
H127,2025-01,pro,525,0,115
H128,2021-11,pro,475,0,0
H128,2021-12,pro,470,0,0
H128,2022-01,pro,485,0,0
H128,2022-02,pro,475,0,0
H128,2022-03,pro,470,0,0
H128,2022-04,pro,485,0,0
H128,2022-05,pro,480,0,0
H128,2022-06,pro,485,0,0
H128,2022-07,pro,470,0,115
H128,2022-08,pro,485,0,110
H128,2022-09,pro,470,1,0
H129,2023-10,basic,230,0,0
H129,2023-11,basic,235,0,0
H129,2023-12,basic,235,0,0
H129,2024-01,basic,240,0,0
H129,2024-02,basic,240,1,0
H130,2022-05,basic,260,0,0
H130,2022-06,basic,255,0,0
H130,2022-07,basic,255,0,0
H130,2022-08,basic,260,0,0
H130,2022-09,basic,250,0,0
H130,2022-10,basic,260,0,0
H130,2022-11,basic,255,0,0
H130,2022-12,basic,255,0,0
H130,2023-01,basic,250,0,0
H130,2023-02,basic,250,0,0
H130,2023-03,basic,255,0,0
H130,2023-04,basic,255,0,0
H130,2023-05,basic,255,0,0
H130,2023-06,basic,255,0,0
H130,2023-07,basic,260,0,0
H130,2023-08,basic,260,0,0
H130,2023-09,basic,250,0,0
H130,2023-10,basic,250,0,0
H130,2023-11,basic,250,0,0
H130,2023-12,basic,255,1,0
H131,2022-02,basic,215,0,0
H131,2022-03,basic,205,0,0
H131,2022-04,basic,210,0,0
H131,2022-05,basic,210,0,0
H131,2022-06,basic,210,0,0
H131,2022-07,basic,205,0,0
H131,2022-08,basic,210,0,0
H131,2022-09,basic,210,0,0
H131,2022-10,pro,470,0,0
H131,2022-11,pro,465,0,0
H131,2022-12,pro,465,0,0
H131,2023-01,pro,465,0,0
H131,2023-02,pro,460,0,0
H131,2023-03,pro,460,0,100
H131,2023-04,pro,470,0,95
H131,2023-05,pro,460,0,95
H131,2023-06,pro,465,0,95
H131,2023-07,pro,475,0,95
H131,2023-08,pro,470,0,95
H131,2023-09,pro,475,0,90
H131,2023-10,pro,470,0,95
H131,2023-11,pro,475,0,95
H131,2023-12,pro,465,0,90
H131,2024-01,pro,465,0,85
H131,2024-02,pro,470,0,0
H131,2024-03,pro,460,0,0
H131,2024-04,pro,470,0,0
H131,2024-05,pro,460,0,0
H131,2024-06,pro,465,0,0
H131,2024-07,pro,480,0,0
H131,2024-08,pro,470,0,0
H131,2024-09,pro,465,0,0
H131,2024-10,pro,465,0,0
H131,2024-11,pro,460,1,0
H132,2021-05,pro,995,0,0
H132,2021-06,pro,970,0,0
H132,2021-07,pro,980,0,0
H132,2021-08,pro,970,0,0
H132,2021-09,pro,975,0,0
H132,2021-10,pro,985,0,0
H132,2021-11,pro,990,0,0
H132,2021-12,pro,990,0,0
H132,2022-01,pro,990,0,0
H132,2022-02,pro,970,0,0
H132,2022-03,pro,995,0,0
H132,2022-04,pro,990,0,195
H132,2022-05,pro,990,0,210
H132,2022-06,pro,975,0,215
H132,2022-07,pro,965,0,235
H132,2022-08,pro,980,0,0
H132,2022-09,pro,970,0,0
H132,2022-10,pro,970,0,0
H132,2022-11,pro,965,0,0
H132,2022-12,pro,1000,0,0
H132,2023-01,pro,970,0,0
H132,2023-02,pro,1000,0,255
H132,2023-03,pro,980,0,250
H132,2023-04,pro,975,0,0
H132,2023-05,pro,995,0,0
H132,2023-06,pro,990,0,0
H132,2023-07,pro,995,0,0
H132,2023-08,pro,995,0,320
H132,2023-09,pro,995,0,315
H132,2023-10,pro,990,0,330
H132,2023-11,pro,985,0,340
H132,2023-12,pro,995,0,0
H132,2024-01,enterprise,2495,0,0
H132,2024-02,enterprise,2440,0,0
H132,2024-03,enterprise,2435,0,0
H132,2024-04,enterprise,2470,0,0
H132,2024-05,enterprise,2440,0,0
H132,2024-06,enterprise,2490,0,0
H132,2024-07,enterprise,2460,0,0
H132,2024-08,enterprise,2475,0,0
H132,2024-09,enterprise,2485,0,0
H132,2024-10,enterprise,2490,0,0
H132,2024-11,enterprise,2500,0,0
H132,2024-12,enterprise,2515,0,0
H132,2025-01,enterprise,2475,0,0
H133,2023-06,basic,385,0,0
H133,2023-07,basic,375,0,0
H133,2023-08,basic,375,0,0
H133,2023-09,basic,375,0,0
H133,2023-10,basic,375,0,0
H133,2023-11,basic,385,0,0
H133,2023-12,basic,385,0,0
H133,2024-01,basic,380,0,0
H133,2024-02,basic,375,0,0
H133,2024-03,basic,380,0,0
H133,2024-04,basic,385,0,0
H133,2024-05,basic,380,0,0
H133,2024-06,basic,375,0,0
H133,2024-07,basic,385,0,0
H133,2024-08,basic,380,0,0
H133,2024-09,basic,385,0,0
H133,2024-10,basic,375,0,0
H133,2024-11,basic,375,0,0
H133,2024-12,basic,390,0,0
H133,2025-01,basic,375,0,0
H134,2024-03,pro,715,0,0
H134,2024-04,pro,715,0,0
H134,2024-05,pro,715,0,0
H134,2024-06,pro,715,0,0
H134,2024-07,pro,700,1,0
H135,2023-09,enterprise,3415,0,0
H135,2023-10,enterprise,3450,0,0
H135,2023-11,enterprise,3485,0,530
H135,2023-12,enterprise,3520,0,615
H135,2024-01,enterprise,3490,0,590
H135,2024-02,enterprise,3475,0,0
H135,2024-03,enterprise,3475,0,0
H135,2024-04,enterprise,3470,0,0
H135,2024-05,enterprise,3490,0,0
H135,2024-06,enterprise,3455,0,0
H135,2024-07,enterprise,3405,0,0
H135,2024-08,enterprise,3480,0,0
H135,2024-09,enterprise,3460,0,0
H135,2024-10,enterprise,3485,0,0
H135,2024-11,enterprise,3490,0,0
H135,2024-12,enterprise,3535,0,0
H135,2025-01,enterprise,3485,0,0
H136,2021-03,pro,775,0,0
H136,2021-04,pro,800,0,0
H136,2021-05,pro,775,0,0
H136,2021-06,pro,800,0,0
H136,2021-07,pro,785,0,0
H136,2021-08,pro,800,0,0
H136,2021-09,pro,790,0,0
H136,2021-10,pro,785,0,0
H136,2021-11,pro,780,0,0
H136,2021-12,pro,775,0,0
H136,2022-01,pro,790,0,0
H136,2022-02,pro,795,0,0
H136,2022-03,pro,775,0,0
H136,2022-04,pro,775,0,0
H136,2022-05,pro,770,1,0
H137,2024-04,basic,210,0,0
H137,2024-05,basic,205,0,0
H137,2024-06,basic,205,0,0
H137,2024-07,basic,205,0,0
H137,2024-08,basic,205,0,0
H137,2024-09,basic,205,0,0
H137,2024-10,basic,205,0,0
H137,2024-11,basic,200,0,0
H137,2024-12,basic,200,0,0
H137,2025-01,basic,205,0,0
H138,2024-11,basic,245,0,0
H138,2024-12,basic,245,1,0
H139,2024-05,basic,255,0,0
H139,2024-06,basic,250,0,0
H139,2024-07,basic,255,0,0
H139,2024-08,basic,255,0,0
H139,2024-09,basic,255,0,0
H139,2024-10,basic,255,0,0
H139,2024-11,basic,255,0,0
H139,2024-12,basic,260,0,0
H139,2025-01,basic,255,0,0
H140,2022-10,basic,220,0,0
H140,2022-11,basic,230,0,0
H140,2022-12,basic,220,0,0
H140,2023-01,basic,230,0,0
H140,2023-02,basic,225,0,0
H140,2023-03,basic,220,0,0
H140,2023-04,basic,225,0,0
H140,2023-05,basic,225,1,0
H141,2024-08,basic,345,0,0
H141,2024-09,basic,355,0,0
H141,2024-10,basic,350,0,0
H141,2024-11,basic,355,0,0
H141,2024-12,basic,345,0,0
H141,2025-01,basic,355,0,0
H142,2022-12,pro,490,0,0
H142,2023-01,pro,490,0,0
H142,2023-02,pro,495,0,0
H142,2023-03,pro,505,0,0
H142,2023-04,pro,490,0,0
H142,2023-05,pro,490,0,0
H142,2023-06,pro,490,0,0
H142,2023-07,pro,495,0,135
H142,2023-08,pro,495,0,135
H142,2023-09,pro,500,0,145
H142,2023-10,pro,495,0,150
H142,2023-11,pro,505,0,155
H142,2023-12,pro,490,0,155
H142,2024-01,pro,495,0,150
H142,2024-02,pro,490,0,155
H142,2024-03,pro,485,0,170
H142,2024-04,pro,490,0,175
H142,2024-05,pro,500,0,170
H142,2024-06,pro,495,0,170
H142,2024-07,pro,495,0,175
H142,2024-08,pro,500,0,170
H142,2024-09,pro,495,0,180
H142,2024-10,pro,495,0,175
H142,2024-11,pro,495,0,180
H142,2024-12,pro,490,0,180
H142,2025-01,pro,485,0,180
H143,2025-01,pro,1145,0,0
H144,2024-12,basic,230,0,0
H144,2025-01,basic,230,0,0
H145,2023-10,pro,475,0,0
H145,2023-11,pro,470,0,0
H145,2023-12,pro,460,0,0
H145,2024-01,pro,465,0,0
H145,2024-02,pro,465,0,0
H145,2024-03,pro,470,0,0
H145,2024-04,pro,460,0,0
H145,2024-05,pro,470,0,0
H145,2024-06,pro,470,0,0
H145,2024-07,pro,465,0,0
H145,2024-08,pro,465,0,0
H145,2024-09,pro,455,0,0
H145,2024-10,pro,475,0,100
H145,2024-11,pro,475,0,95
H145,2024-12,pro,470,0,95
H145,2025-01,pro,455,0,100
H146,2025-01,enterprise,3230,0,0
H147,2023-04,enterprise,2030,0,0
H147,2023-05,enterprise,2015,0,0
H147,2023-06,enterprise,2065,0,0
H147,2023-07,enterprise,2005,0,0
H147,2023-08,enterprise,2065,0,0
H147,2023-09,enterprise,2050,0,0
H147,2023-10,enterprise,2005,0,0
H147,2023-11,enterprise,2050,0,0
H147,2023-12,enterprise,2030,0,0
H147,2024-01,enterprise,2050,0,0
H147,2024-02,enterprise,2055,0,0
H147,2024-03,enterprise,2065,0,165
H147,2024-04,enterprise,2020,0,170
H147,2024-05,enterprise,2065,0,0
H147,2024-06,enterprise,2035,0,580
H147,2024-07,enterprise,2035,0,0
H147,2024-08,enterprise,2040,0,0
H147,2024-09,enterprise,2065,0,0
H147,2024-10,enterprise,2000,0,0
H147,2024-11,enterprise,2060,0,0
H147,2024-12,enterprise,2055,0,0
H147,2025-01,enterprise,2035,0,0
H148,2023-02,pro,650,0,0
H148,2023-03,pro,645,0,0
H148,2023-04,pro,645,0,0
H148,2023-05,pro,635,0,0
H148,2023-06,pro,630,0,0
H148,2023-07,pro,640,0,0
H148,2023-08,pro,640,0,0
H148,2023-09,pro,640,0,0
H148,2023-10,pro,640,0,0
H148,2023-11,pro,640,0,0
H148,2023-12,pro,650,0,0
H148,2024-01,pro,630,0,0
H148,2024-02,pro,630,0,275
H148,2024-03,pro,635,0,265
H148,2024-04,pro,630,0,275
H148,2024-05,pro,630,0,0
H148,2024-06,pro,630,0,0
H148,2024-07,pro,645,0,0
H148,2024-08,pro,645,0,285
H148,2024-09,pro,645,0,0
H148,2024-10,pro,645,0,0
H148,2024-11,pro,635,0,0
H148,2024-12,pro,640,0,0
H148,2025-01,pro,630,0,0
H149,2023-06,pro,490,0,0
H149,2023-07,pro,490,0,0
H149,2023-08,pro,500,0,0
H149,2023-09,pro,495,0,0
H149,2023-10,pro,495,0,0
H149,2023-11,pro,480,0,0
H149,2023-12,pro,490,0,0
H149,2024-01,pro,485,0,0
H149,2024-02,pro,495,0,0
H149,2024-03,pro,485,1,0
H150,2023-09,pro,435,0,0
H150,2023-10,pro,435,0,0
H150,2023-11,pro,430,0,0
H150,2023-12,pro,435,0,0
H150,2024-01,pro,445,0,0
H150,2024-02,pro,435,0,0
H150,2024-03,pro,430,0,0
H150,2024-04,pro,440,1,0
